;223
_WIN32;37
REDIS_TEST;26
_MSC_VER;21
__APPLE__;19
__GNUC__;17
__cplusplus;13
__linux__;12
JEMALLOC_JET;12
__FreeBSD__;11
LG_SIZEOF_PTR;9
__x86_64__;9
__sun;8
__i386__;8
__clang__;7
__aarch64__;7
_WIN64;6
JEMALLOC_ATOMIC_U64;6
__NetBSD__;6
USE_OPENSSL;6
JEMALLOC_DEBUG;6
USE_JEMALLOC;6
__DragonFly__;5
_M_IX86;5
JEMALLOC_OS_UNFAIR_LOCK;5
__OpenBSD__;5
JEMALLOC_LAZY_LOCK;5
BYTE_ORDER;5
LUA_VERSION_NUM;4
BIG_ENDIAN;4
__amd64;4
__GLIBC__;4
LITTLE_ENDIAN;4
_M_X64;4
HAVE_DEFRAG;4
_GNU_SOURCE;4
__has_attribute;4
BITMAP_USE_TREE;4
TLS1_3_VERSION;4
__arm64__;4
__i386;4
JEMALLOC_MUTEX_INIT_CB;4
INCLUDE_UNRELEASED_KEYSPEC_API;4
LLONG_MAX;4
_AIX;3
_WIN32_WINNT;3
__sparc__;3
LG_SIZEOF_INT;3
JEMALLOC_BIG_ENDIAN;3
ULONG_MAX;3
__arm__;3
NO_SANITIZE;3
__amd64__;3
__MACH__;3
JEMALLOC_BACKGROUND_THREAD;3
JEMALLOC_PROF;3
ULTRA_FAST;2
JEMALLOC_PROF_LIBGCC;2
JEMALLOC_PURGE_MADVISE_DONTNEED;2
JEMALLOC_PURGE_MADVISE_DONTNEED_ZEROS;2
JEMALLOC_DSS;2
LUA_DEBUG;2
WIN32;2
__sparc;2
__native_client__;2
OPENSSL_VERSION_NUMBER;2
DBL_MANT_DIG;2
UINT_MAX;2
JEMALLOC_USE_SYSCALL;2
MADV_FREE;2
LONG_MAX;2
__PGI;2
not_reached;2
JEMALLOC_MALLOC_THREAD_CLEANUP;2
SYS_write;2
JEMALLOC_OVERRIDE_MEMALIGN;2
LUA_COMPAT_VARARG;2
JEMALLOC_PURGE_MADVISE_FREE;2
INIT_HTAB;2
SYS_open;2
JEMALLOC_GCC_SYNC_ATOMICS;2
AVOID_ERRNO;2
lua_assert;2
USE_ALIGNED_ACCESS;2
HAVE_LIBSYSTEMD;2
JEMALLOC_GCC_ATOMIC_ATOMICS;2
USE_INTERNAL_FPCONV;2
__alpha__;2
LUA_COMPAT_GETN;2
LUA_NUMBER_DOUBLE;2
JEMALLOC_MAPS_COALESCE;2
JEMALLOC_ZONE;2
__CYGWIN__;2
JEMALLOC_GLIBC_MALLOC_HOOK;2
__X86_64__;2
__s390__;2
HAVE_MALLOC_SIZE;2
__ATOMIC_SEQ_CST;2
CKH_COUNT;2
VERY_FAST;2
LZF_STATE_ARG;2
assert_not_implemented;2
UINTPTR_MAX;2
USE_SETCPUAFFINITY;2
ONLY64;2
assert;2
STRICT_ALIGN;2
PAGES_CAN_PURGE_FORCED;2
__STDC_VERSION__;2
JEMALLOC_INTERNAL_POPCOUNTL;2
SIZE_MAX;2
JEMALLOC_TLS;2
JEMALLOC_PTHREAD_CREATE_WRAPPER;2
not_implemented;2
LUAI_BITSINT;2
PAGES_CAN_PURGE_LAZY;2
__HAIKU__;2
_CRT_SPINCOUNT;2
__linux;2
JEMALLOC_OVERRIDE_VALLOC;2
__ia64__;2
USE_TCMALLOC;2
RTREE_HEIGHT;2
__DICT_H;2
CHECK_INPUT;2
O_CLOEXEC;2
MAC_OS_X_VERSION_10_6;2
__powerpc__;2
JEMALLOC_HAVE_MACH_ABSOLUTE_TIME;2
JEMALLOC_HAS_RESTRICT;2
__GNUC_MINOR__;2
JEMALLOC_INTERNAL_TSD_TLS_H;1
JEMALLOC_INTERNAL_FFSL;1
JEMALLOC_INTERNAL_PROF_EXTERNS_H;1
TC_VERSION_MINOR;1
LG_SIZEOF_LONG;1
__riscv__;1
RB_H_;1
JEMALLOC_INTERNAL_ARENA_STRUCTS_B_H;1
USHRT_MAX;1
__CLUSTER_H;1
luai_threadyield;1
LUA_USE_ISATTY;1
__LOLWUT_H;1
REDISMODULE_ATTR_COMMON;1
HAVE_PROC_SOMAXCONN;1
JEMALLOC_INTERNAL_SIZE_H;1
__QUICKLIST_H__;1
__HIREDIS_GLIB_H__;1
LZF_USE_OFFSETS;1
HIREDIS_SDS_H;1
__hp9000;1
lcode_h;1
JEMALLOC_INTERNAL_DECLS_H;1
JEMALLOC_MADVISE_DONTDUMP;1
__sparc64__;1
TC_VERSION_MAJOR;1
__m68k__;1
__REDIS_CONNECTION_H;1
__GLIBC_PREREQ;1
mc68000;1
SSL_OP_NO_COMPRESSION;1
LUAC_TRUST_BINARIES;1
__BIG_ENDIAN__;1
lundump_h;1
LUA_NUMBER_LONGLONG;1
SFMT_PARAMS607_H;1
HI_SDS_TEST_MAIN;1
snprintf;1
JEMALLOC_INTERNAL_TSD_TYPES_H;1
REDIS_TEST_VERBOSE;1
JEMALLOC_OVERRIDE___LIBC_VALLOC;1
JEMALLOC_INTERNAL_TICKER_H;1
REDIS_RANDOM_H;1
HAVE_SYNC_FILE_RANGE;1
JEMALLOC_INTERNAL_BACKGROUND_THREAD_EXTERNS_H;1
SC_LG_TINY_MIN;1
JEMALLOC_INTERNAL_ATOMIC_H;1
_MIPSEL;1
JEMALLOC_INTERNAL_PROF_STRUCTS_H;1
JEMALLOC_INTERNAL_PRNG_H;1
LUA_USELONGLONG;1
HAVE_CPU_SPINWAIT;1
SIZE_Bx;1
__hp9000s300;1
__REDIS_HELP_H;1
RAX_H;1
LUA_USE_MACOSX;1
JEMALLOC_INTERNAL_UNREACHABLE;1
JEMALLOC_INTERNAL_EXTENT_MMAP_EXTERNS_H;1
JEMALLOC_INTERNAL_SPIN_H;1
__SLOWLOG_H__;1
JEMALLOC_INTERNAL_QL_H;1
JEMALLOC_INTERNAL_FFS;1
LUA_NUMBER_LONG;1
JEMALLOC_UTRACE;1
RAX_DEBUG_MSG;1
JEMALLOC_FILL;1
JEMALLOC_INTERNAL_QR_H;1
JEMALLOC_HAVE_MADVISE_HUGE;1
JEMALLOC_INTERNAL_ARENA_TYPES_H;1
__AE_H__;1
JEMALLOC_PROF_LIBUNWIND;1
SFMT_PARAMS19937_H;1
lua_h;1
__SCRIPT_LUA_H_;1
__SH4_SINGLE_ONLY__;1
lua_c;1
__ATOMIC_VAR_FORCE_SYNC_MACROS;1
JEMALLOC_HAVE_CLOCK_MONOTONIC_COARSE;1
HAVE_ATOMIC;1
ns32000;1
SFMT_SSE2_H;1
LUA_USE_POSIX;1
REDISMODULE_H;1
sun386;1
LUA_USE_ULONGJMP;1
unix;1
lua_lock;1
SWAPPED_DOUBLE;1
HAVE_EPOLL;1
__HIREDIS_READ_H;1
JEMALLOC_INTERNAL_SMOOTHSTEP_H;1
HIREDIS_TEST_SSL;1
JEMALLOC_INTERNAL_UTIL_H;1
JEMALLOC_INTERNAL_EXTENT_TYPES_H;1
SFMT_PARAMS1279_H;1
JEMALLOC_INTERNAL_LARGE_EXTERNS_H;1
__HIREDIS_EXAMPLE_QT_H;1
LUA_USE_LINUX;1
JEMALLOC_INTERNAL_BASE_INLINES_H;1
LUA_COMPAT_LOADLIB;1
stdbool_h;1
__HIREDIS_LIBEV_H__;1
__ATOMIC_VAR_H;1
JEMALLOC_INTERNAL_CKH_H;1
HAVE_SYSCTL_KIPC_SOMAXCONN;1
JEMALLOC_HAVE_SCHED_SETAFFINITY;1
JEMALLOC_STRERROR_R_RETURNS_CHAR_WITH_GNU_SOURCE;1
JEMALLOC_INTERNAL_MUTEX_POOL_H;1
__SH3E__;1
JEMALLOC_OVERRIDE___LIBC_MEMALIGN;1
SYS_close;1
SFMT_PARAMS4253_H;1
SYS_openat;1
JEMALLOC_INTERNAL_EMITTER_H;1
MSVC_COMPAT_WINDOWS_EXTRA_H;1
__UCLIBC_HAS_BACKTRACE__;1
JEMALLOC_FRAG_HINT;1
ibm032;1
JEMALLOC_INTERNAL_CTL_H;1
__PQSORT_H;1
JEMALLOC_INTERNAL_BIN_H;1
JEMALLOC_INTERNAL_BIN_TYPES_H;1
JEMALLOC_HAVE_PTHREAD_ATFORK;1
__ELF__;1
__LATENCY_H;1
__STDC_CONSTANT_MACROS;1
WCHAR_MIN;1
REDISMODULE_CORE;1
USE_REP_MOVSB;1
lvm_h;1
LUA_NUMBER_FLOAT;1
MEMTEST_32BIT;1
UNSAFE_CRASH_REPORT;1
STRBUF_DEFAULT_SIZE;1
MEXP;1
lstring_h;1
MAP_NORESERVE;1
lopcodes_h;1
INFINITY;1
JEMALLOC_HAVE_BUILTIN_CLZ;1
_IBMR2;1
JEMALLOC_INTERNAL_BITMAP_H;1
REDIS_NO_SANITIZE;1
PH_H_;1
JEMALLOC_INTERNAL_ARENA_EXTERNS_H;1
ibm370;1
__TESTHELP_H;1
LUA_COMPAT_MOD;1
CKH_VERBOSE;1
SFMT_H;1
inline;1
LG_SLAB_MAXREGS;1
LUA_USE_MKSTEMP;1
MT19937_64_MAIN;1
JEMALLOC_IS_MALLOC;1
REDISMODULE_ATTR_UNUSED;1
JEMALLOC_INTERNAL_BIT_UTIL_H;1
__unix;1
__SPARKLINE_H;1
SFMT_PARAMS11213_H;1
__HIREDIS_ASYNC_PRIVATE_H;1
__ILP32__;1
__HIREDIS_LIBEVENT_H__;1
LUA_NUMBER_LONG_LONG;1
MIPSEB;1
__FreeBSD_kernel__;1
ZMALLOC_LIB;1
MIPSEL;1
JEMALLOC_VERSION_MAJOR;1
JEMALLOC_INTERNAL_INCLUDES_H;1
LG_PAGE;1
CRC64_H;1
UNALIGNED_LE_CPU;1
CPU_COUNT;1
__BLOCKS__;1
_DTRACE_VERSION;1
REDIS_SOCKCOMPAT_IMPLEMENTATION;1
JEMALLOC_INTERNAL_SC_H;1
JEMALLOC_INTERNAL_EXTENT_STRUCTS_H;1
TLS_DEBUGGING;1
JEMALLOC_GLIBC_MEMALIGN_HOOK;1
__HIREDIS_QT_H__;1
llimits_h;1
JEMALLOC_HAVE_CLOCK_MONOTONIC;1
USE_BACKTRACE;1
HW_MEMSIZE;1
__REDIS_CONNHELPERS_H;1
HAVE_BACKTRACE;1
CJSON_VERSION;1
_X86_;1
MISSING_ISINF;1
_MSC_STDINT_H_;1
JEMALLOC_INTERNAL_TSD_MALLOC_THREAD_CLEANUP_H;1
__BYTE_ORDER;1
NDEBUG;1
HAVE_TASKINFO;1
__MONOTONIC_H;1
JEMALLOC_INTERNAL_QUANTUM_H;1
UNUSED;1
SETPROCTITLE_TEST_MAIN;1
JEMALLOC_INTERNAL_TEST_HOOKS_H;1
JEMALLOC_SYSCTL_VM_OVERCOMMIT;1
LUA_ANSI;1
SSL_OP_NO_CLIENT_RENEGOTIATION;1
__sparcv9;1
__SDS_H;1
__apple_build_version__;1
JEMALLOC_INTERNAL_CACHE_BIN_H;1
JEMALLOC_READLINKAT;1
HAVE_EVPORT;1
__NR_write;1
JEMALLOC_HAS_ALLOCA_H;1
CONSTANTS;1
JEMALLOC_INTERNAL_NSTIME_H;1
__riscv;1
__REDIS_UTIL_H;1
__HIREDIS_SSL_H;1
LUA_COMPAT_GFIND;1
JEMALLOC_INTERNAL_ARENA_INLINES_B_H;1
JEMALLOC_INTERNAL_STATS_H;1
QL_TEST_VERBOSE;1
ldebug_h;1
JEMALLOC_VERSION_MINOR;1
BIT_ZERO_ON_LEFT;1
";1
EV_MULTIPLICITY;1
JEMALLOC_OVERRIDE___LIBC_REALLOC;1
__RDB_H;1
vax;1
JEMALLOC_INTERNAL_SAFETY_CHECK_H;1
strcasecmp;1
JEMALLOC_OVERRIDE___LIBC_FREE;1
HAVE_SYSCTL_KERN_SOMAXCONN;1
CRCSPEED_H;1
__STDC_NO_ATOMICS__;1
JEMALLOC_INTERNAL_TCACHE_EXTERNS_H;1
JEMALLOC_INTERNAL_MUTEX_PROF_H;1
__REDIS_ASSERT_H__;1
HAVE_PROC_OOM_SCORE_ADJ;1
SFMT_PARAMS132049_H;1
SFMT_PARAMS2281_H;1
SYS_read;1
lapi_h;1
PR_SET_THP_DISABLE;1
JEMALLOC_INTERNAL_TYPES_H;1
lauxlib_h;1
HAVE_PROC_STAT;1
HW_PHYSMEM64;1
__nios2__;1
LISTPACK_ALLOC_H;1
__FUNCTIONS_H_;1
HAVE_KQUEUE;1
SIPHASH_TEST;1
ANET_H;1
HIREDIS_USE_CRYPTO_LOCKS;1
STREAM_H;1
loslib_c;1
JEMALLOC_INTERNAL_BACKGROUND_THREAD_INLINES_H;1
sel;1
HAVE_PROC_SMAPS;1
__SDS_ALLOC_H__;1
__SOCKCOMPAT_H;1
LZFP_h;1
JEMALLOC_RETAIN;1
__le32__;1
ARENA_RESET_PROF_C_;1
JEMALLOC_INTERNAL_PROF_TYPES_H;1
pyr;1
SFMT_ALTI_H;1
PAGE_MASK;1
JEMALLOC_CACHE_OBLIVIOUS;1
_ZIPMAP_H;1
__GEO_H__;1
JEMALLOC_INTERNAL_EXTENT_DSS_H;1
luac_c;1
__SCRIPT_H_;1
JEMALLOC_U8_ATOMICS;1
USE_SETPROCTITLE;1
__ppc__;1
ldo_h;1
JEMALLOC_INTERNAL_EXTENT_INLINES_H;1
strncasecmp;1
LUA_DL_DLL;1
REDIS_TEST_MAIN;1
_MIPSEB;1
__HIREDIS_FMACRO_H;1
__hppa__;1
MINSTRTABSIZE;1
RAX_MALLOC_INCLUDE;1
LUA_COMPAT_OPENLIB;1
LUA_USER_H;1
REDISMODULE_ATTR;1
JEMALLOC_OVERRIDE___LIBC_CALLOC;1
JEMALLOC_INTERNAL_PROF_INLINES_A_H;1
lgc_h;1
HAVE_ACCEPT4;1
SSIZE_MAX;1
luaL_setn;1
USE_INTERNAL_ISINF;1
JEMALLOC_HAVE_SECURE_GETENV;1
LG_SIZEOF_LONG_LONG;1
JEMALLOC_PREFIX;1
CJSON_MODNAME;1
HAVE_ALTIVEC;1
lfunc_h;1
__arm;1
LUA_USE_APICHECK;1
__DECONST;1
BITS_32;1
SRC_CALL_REPLY_H_;1
SSL_OP_NO_TLSv1_3;1
SSL_OP_NO_TLSv1_2;1
HW_REALMEM;1
JEMALLOC_INTERNAL_ARENA_INLINES_A_H;1
RUSAGE_THREAD;1
HAVE_PROC_MAPS;1
__MT19937_64_H;1
__BIO_H;1
_CRAY;1
JEMALLOC_INTERNAL_HASH_H;1
__ppc64__;1
JEMALLOC_INTERNAL_TCACHE_TYPES_H;1
SIZE_T_MAX;1
__STDC_LIMIT_MACROS;1
LG_VADDR;1
JEMALLOC_C11_ATOMICS;1
strings_h;1
_ZIPLIST_H;1
JEMALLOC_VERSION_GID_IDENT;1
CTL_HW;1
__STRICT_ANSI__;1
HDR_ALLOC_H;1
NO_MALLOC_USABLE_SIZE;1
__NET_H;1
__HIREDIS_H;1
JEMALLOC_HAVE_PTHREAD_SETNAME_NP;1
JEMALLOC_THREADED_INIT;1
RB_COMPACT;1
MAP_EXCL;1
SSL_OP_DONT_INSERT_EMPTY_FRAGMENTS;1
JEMALLOC_INTERNAL_TSD_GENERIC_H;1
ltable_h;1
LUA_USE_DLOPEN;1
FRST;1
BIG_ENDIAN64;1
sparc;1
JEMALLOC_ALLOC_JUNK;1
LUA_CORE;1
LUA_BUILD_AS_DLL;1
SA_ONSTACK;1
luaall_c;1
_STRUCT_X86_THREAD_STATE64;1
lzf_movsb;1
SFMT_PARAMS216091_H;1
JEMALLOC_HAVE_SCHED_GETCPU;1
SHA1_H;1
__convex__;1
JEMALLOC_EXPERIMENTAL_SMALLOCX_API;1
linux;1
JEMALLOC_INTERNAL_BASE_STRUCTS_H;1
RTREE_NHIB;1
tahoe;1
STANDALONE;1
JEMALLOC_INTERNAL_ATOMIC_GCC_SYNC_H;1
JEMALLOC_INTERNAL_ATOMIC_C11_H;1
LUA_DL_DYLD;1
LUA_NUMBER_INT;1
JEMALLOC_INTERNAL_BIN_STATS_H;1
STRBUF_DEFAULT_INCREMENT;1
LUA_LIB;1
JEMALLOC_INTERNAL_ATOMIC_GCC_ATOMIC_H;1
HAVE_CLEARENV;1
__SH4__;1
JEMALLOC_INTERNAL_HOOK_H;1
LUACMSGPACK_MAX_NESTING;1
_SC_PAGESIZE;1
__HIREDIS_ASYNC_H;1
RTREE_NSB;1
cast;1
__ZMALLOC_H;1
__or1k__;1
INT_MAX-20;1
__hp9000s700;1
__SH4_SINGLE__;1
LUA_DL_DLOPEN;1
__LINENOISE_H;1
__BIG_ENDIAN;1
SFMT_PARAMS86243_H;1
LZF_H;1
LUAI_BITSINT-1;1
JEMALLOC_INTERNAL_MALLOC_IO_H;1
SPT_MAXTITLE;1
SHA256_H;1
HAVE_PSINFO;1
SSL_CTX_set_ecdh_auto;1
__HIREDIS_IVYKIS_H__;1
JEMALLOC_GCC_U8_ATOMIC_ATOMICS;1
JEMALLOC_GCC_U8_SYNC_ATOMICS;1
REDISMODULE_API;1
LOCALTIME_TEST_MAIN;1
__HIREDIS_MACOSX_H__;1
JEMALLOC_UNIT_TEST;1
LUA_COMPAT_LSTR;1
HDR_ATOMIC_H__;1
JEMALLOC_INTERNAL_PROF_INLINES_B_H;1
lobject_h;1
JEMALLOC_INTERNAL_BACKGROUND_THREAD_STRUCTS_H;1
va_copy;1
SPT_MIN;1
__REDIS_RIO_H;1
RAX_ALLOC_H;1
INT_MAX;1
JEMALLOC_LOG;1
_SC_PHYS_PAGES;1
HLOG;1
SC_NBINS;1
DEFAULT_ENCODE_KEEP_BUFFER;1
_M_ARM;1
__UCLIBC__;1
JEMALLOC_INTERNAL_MACROS_H;1
LG_BITMAP_GROUP_NBITS;1
JEMALLOC_HAVE_DLSYM;1
REDISMODULE_ATTR_PRINTF;1
__hppa;1
HARDSTACKTESTS;1
lstate_h;1
JEMALLOC_INTERNAL_TSD_WIN_H;1
HDR_HISTOGRAM_H;1
JEMALLOC_INTERNAL_INLINES_A_H;1
__LITTLE_ENDIAN;1
__CLICOMMON_H;1
JEMALLOC_INTERNAL_INLINES_C_H;1
JEMALLOC_INTERNAL_FFSLL;1
JEMALLOC_HAVE_ATTR;1
lparser_h;1
JEMALLOC_INTERNAL_EXTENT_EXTERNS_H;1
read;1
RTREE_LEAF_COMPACT;1
SFMT_PARAMS44497_H;1
GEOHASH_HELPER_HPP_;1
SFMT_PARAMS_H;1
__LISTPACK_H;1
JEMALLOC_FREE_JUNK;1
JEMALLOC_INTERNAL_BASE_TYPES_H;1
_REDIS_FMACRO_H;1
LUA_WIN;1
__ENDIANCONV_H;1
ENABLE_CJSON_GLOBAL;1
__ADLIST_H__;1
JEMALLOC_INTERNAL_RTREE_H;1
lmem_h;1
NODUMP;1
JEMALLOC_INTERNAL_LOG_H;1
HIREDIS_ALLOC_H;1
LG_BITMAP_MAXBITS;1
__sparc_v9__;1
__ATOMIC_RELAXED;1
BSD;1
cassert;1
JEMALLOC_STATS;1
JEMALLOC_INTERNAL_TCACHE_INLINES_H;1
DGUX;1
LUA_USE_READLINE;1
LUA_USE_POPEN;1
__REDIS_H;1
COVERAGE_TEST;1
SOMAXCONN;1
LUA_MINBUFFER;1
USE_PROCESSOR_CLOCK;1
JEMALLOC_INTERNAL_ATOMIC_MSVC_H;1
LUA_NUMBER_LLONG;1
m68k;1
JEMALLOC_INTERNAL_EXTERNS_H;1
HIREDIS_SDS_COMPAT;1
STRUCT_INT;1
lconfig_h;1
__HIREDIS_LIBUV_H__;1
__midl;1
_CRC16_TABLE_H__;1
JEMALLOC_INTERNAL_DIV_H;1
JEMALLOC_PROC_SYS_VM_OVERCOMMIT_MEMORY;1
JEMALLOC_OVERRIDE___POSIX_MEMALIGN;1
DISABLE_INVALID_NUMBERS;1
SYNC_FILE_RANGE_WAIT_BEFORE;1
JEMALLOC_PROF_GCC;1
lzio_h;1
__tile__;1
JEMALLOC_INTERNAL_ARENA_STATS_H;1
LIBRESSL_VERSION_NUMBER;1
JEMALLOC_INTERNAL_MUTEX_H;1
JEMALLOC_INTERNAL_BASE_EXTERNS_H;1
JEMALLOC_OVERRIDE___LIBC_MALLOC;1
REDIS_STATIC;1
apollo;1
JEMALLOC_INTERNAL_WITNESS_H;1
__pnacl__;1
JEMALLOC_HAVE_ISSETUGID;1
USE_MALLOC_USABLE_SIZE;1
SC_NTINY;1
JEMALLOC_INTERNAL_TCACHE_STRUCTS_H;1
INIT_SETPROCTITLE_REPLACEMENT;1
MAC_OS_X_VERSION_10_7;1
SHA1HANDSOFF;1
SRC_RESP_PARSER_H_;1
__mips__;1
WCHAR_MAX;1
JEMALLOC_EXTRA_SIZE_CHECK;1
LG_QUANTUM;1
llex_h;1
JEMALLOC_INTERNAL_SEQ_H;1
JEMALLOC_INTERNAL_RTREE_CTX_H;1
JEMALLOC_INTERNAL_TSD_H;1
__alpha;1
__SSE2__;1
__INTSET_H;1
__unix__;1
HAVE_SSE2;1
JEMALLOC_INTERNAL_INLINES_B_H;1
__CONFIG_H;1
_W64;1
_M_ARM64;1
lualib_h;1
__GNUG__;1
isinf;1
__HIREDIS_AE_H__;1
USE_CRYPTO_LOCKS;1
HAVE_SETPROCTITLE;1
JEMALLOC_INTERNAL_ARENA_STRUCTS_A_H;1
__arch64__;1
BIT_ZERO_ON_RIGHT;1
JEMALLOC_INTERNAL_PAGES_EXTERNS_H;1
_WIN32_HELPER_INCLUDE;1
HW_PHYSMEM;1
is68k;1
offsetof;1
GEOHASH_H_;1
VM_OVERCOMMIT;1
ltm_h;1
555
